0.031,-0.827,0.562,0
0.031,-0.827,0.562,0
0.031,-0.827,0.562,0
0.032,-0.827,0.562,0
0.032,-0.827,0.562,0
0.032,-0.827,0.562,0
0.032,-0.827,0.562,0
0.032,-0.827,0.562,0
28.926,10.919,-24.949,0
0.032,-0.827,0.562,0
0.032,-0.827,0.562,0
0.031,-0.827,0.562,0
29.036,10.919,-25.059,0
0.032,-0.827,0.562,0
0.032,-0.827,0.562,0
0.032,-0.827,0.562,0
0.032,-0.827,0.562,0
0.032,-0.827,0.562,0
28.975,10.882,-25.12,0
0.032,-0.827,0.562,0
0.032,-0.827,0.562,0
28.963,10.858,-25.132,0
0.032,-0.827,0.562,0
0.032,-0.827,0.562,0
0.032,-0.827,0.562,0
0.032,-0.827,0.562,0
0.032,-0.827,0.562,0
0.032,-0.827,0.562,0
28.902,10.882,-25.047,0
0.032,-0.827,0.562,0
0.032,-0.827,0.562,0
0.032,-0.827,0.562,0
0.032,-0.827,0.562,0
0.032,-0.827,0.562,0
-0.152,-0.0,0.001,0
0.033,-0.825,0.564,0
0.032,-0.822,0.569,0
28.853,10.565,-24.937,0
0.032,-0.822,0.568,0
0.032,-0.822,0.569,0
0.032,-0.822,0.568,0
0.032,-0.823,0.568,0
0.032,-0.824,0.566,0
28.78,10.407,-24.79,0
0.032,-0.825,0.563,0
0.032,-0.825,0.563,0
28.804,10.956,-24.693,0
0.032,-0.826,0.563,0
0.032,-0.826,0.563,0
0.032,-0.826,0.563,0
0.032,-0.826,0.563,0
0.033,-0.825,0.564,0
28.768,12.078,-24.766,0
0.033,-0.825,0.564,0
0.033,-0.825,0.564,0
0.033,-0.825,0.564,0
0.033,-0.825,0.564,0
0.033,-0.825,0.563,0
0.032,-0.825,0.564,0
0.032,-0.825,0.564,0
0.032,-0.825,0.564,0
28.719,12.359,-24.949,0
0.032,-0.825,0.564,0
0.032,-0.825,0.564,0
28.743,12.334,-24.912,0
0.032,-0.825,0.564,0
0.033,-0.825,0.564,0
0.033,-0.825,0.564,0
0.034,-0.825,0.564,0
0.034,-0.823,0.567,0
28.768,12.322,-24.925,0
0.033,-0.823,0.566,0
0.033,-0.824,0.566,0
0.033,-0.824,0.566,0
0.033,-0.824,0.566,0
0.033,-0.825,0.565,0
0.033,-0.831,0.555,0
28.792,12.029,-24.973,0
0.033,-0.836,0.548,0
0.033,-0.837,0.546,0
28.804,11.968,-24.998,0
0.033,-0.837,0.546,0
0.033,-0.837,0.545,0
0.033,-0.837,0.545,0
0.033,-0.837,0.546,0
28.853,11.98,-25.01,0
0.033,-0.837,0.545,0
0.033,-0.837,0.546,0
0.033,-0.837,0.545,0
28.816,11.944,-25.01,0
0.033,-0.837,0.545,0
0.034,-0.837,0.545,0
0.034,-0.837,0.546,0
0.034,-0.835,0.549,0
0.034,-0.833,0.552,0
0.034,-0.832,0.554,0
0.033,-0.832,0.554,0
0.032,-0.833,0.553,0
0.033,-0.835,0.549,0
0.033,-0.836,0.547,0
0.033,-0.837,0.546,0
0.033,-0.837,0.546,0
0.033,-0.839,0.543,0
0.033,-0.841,0.54,0
28.585,11.98,-25.278,0
0.033,-0.843,0.537,0
0.034,-0.843,0.537,0
0.034,-0.843,0.537,0
0.036,-0.841,0.54,0
0.035,-0.839,0.543,0
0.034,-0.837,0.546,0
0.034,-0.836,0.548,0
0.034,-0.836,0.548,0
0.033,-0.836,0.548,0
0.033,-0.836,0.548,0
0.033,-0.836,0.548,0
0.033,-0.838,0.545,0
0.033,-0.839,0.543,0
0.033,-0.84,0.542,0
0.033,-0.841,0.54,0
28.707,12.115,-25.413,0
0.033,-0.845,0.534,0
28.694,12.298,-25.352,0
28.694,12.395,-25.352,0
0.033,-0.848,0.53,0
0.033,-0.847,0.53,0
0.034,-0.847,0.53,0
0.035,-0.846,0.532,0
0.035,-0.845,0.533,0
0.035,-0.845,0.534,0
0.035,-0.843,0.536,0
0.035,-0.843,0.536,0
0.036,-0.843,0.537,0
0.036,-0.842,0.537,0
0.035,-0.842,0.538,0
0.035,-0.842,0.538,0
0.035,-0.842,0.537,0
0.035,-0.843,0.537,0
0.035,-0.842,0.538,0
0.036,-0.842,0.537,0
0.036,-0.842,0.537,0
0.036,-0.842,0.537,0
0.036,-0.843,0.537,0
0.036,-0.842,0.538,0
0.037,-0.843,0.537,0
0.037,-0.841,0.54,0
0.036,-0.841,0.54,0
28.365,12.712,-25.388,0
0.036,-0.842,0.539,0
-0.063,-0.011,0.003,0
0.037,-0.843,0.537,0
28.377,12.725,-25.376,0
0.036,-0.844,0.535,0
0.035,-0.844,0.535,0
0.033,-0.845,0.534,0
0.033,-0.846,0.533,0
28.402,12.7,-25.364,0
0.032,-0.847,0.53,0
0.032,-0.848,0.529,0
0.033,-0.849,0.527,0
0.033,-0.85,0.526,0
0.033,-0.849,0.527,0
0.034,-0.849,0.527,0
28.56,12.859,-25.169,0
0.034,-0.849,0.527,0
0.036,-0.849,0.527,0
28.572,12.859,-25.205,0
0.035,-0.849,0.527,0
0.034,-0.849,0.528,0
0.034,-0.849,0.527,0
0.034,-0.849,0.528,0
0.034,-0.849,0.528,0
28.426,12.859,-25.205,0
0.033,-0.848,0.528,0
0.033,-0.848,0.528,0
28.475,12.969,-25.059,0
0.033,-0.849,0.527,0
0.033,-0.851,0.524,0
0.032,-0.853,0.521,0
0.033,-0.854,0.519,0
0.034,-0.854,0.519,0
28.572,13.286,-24.986,0
0.035,-0.852,0.521,0
0.035,-0.852,0.521,0
28.548,13.225,-25.108,0
0.036,-0.85,0.526,0
0.036,-0.849,0.527,0
0.036,-0.848,0.528,0
0.036,-0.848,0.528,0
0.035,-0.848,0.528,0
0.034,-0.848,0.528,0
0.034,-0.85,0.526,0
0.034,-0.851,0.524,0
0.034,-0.851,0.524,0
0.034,-0.85,0.526,0
0.034,-0.85,0.526,0
0.035,-0.85,0.525,0
0.035,-0.849,0.527,0
0.035,-0.849,0.526,0
0.035,-0.849,0.526,0
28.499,12.981,-25.388,0
0.034,-0.849,0.527,0
0.034,-0.849,0.527,0
0.034,-0.85,0.525,0
0.034,-0.85,0.525,0
0.034,-0.849,0.527,0
0.034,-0.847,0.53,0
0.033,-0.847,0.53,0
0.032,-0.847,0.53,0
28.67,12.81,-25.425,0
0.032,-0.847,0.531,0
0.032,-0.847,0.531,0
0.032,-0.847,0.531,0
0.032,-0.846,0.531,0
0.032,-0.846,0.532,0
0.032,-0.846,0.532,0
28.731,12.737,-25.315,0
0.032,-0.846,0.532,0
0.032,-0.846,0.532,0
0.033,-0.846,0.532,0
0.033,-0.846,0.532,0
0.032,-0.846,0.532,0
0.032,-0.846,0.531,0
0.032,-0.846,0.531,0
0.032,-0.846,0.531,0
0.032,-0.846,0.531,0
0.032,-0.846,0.531,0
28.743,12.761,-25.425,0
0.032,-0.846,0.532,0
0.033,-0.846,0.532,0
0.033,-0.846,0.532,0
0.033,-0.846,0.532,0
0.033,-0.846,0.532,0
28.597,12.969,-25.413,0
0.033,-0.846,0.532,0
0.033,-0.846,0.532,0
0.033,-0.846,0.532,0
28.609,12.981,-25.364,0
0.033,-0.847,0.53,0
0.033,-0.847,0.531,0
0.033,-0.846,0.531,0
28.609,12.956,-25.364,0
0.033,-0.847,0.531,0
0.033,-0.848,0.53,0
0.033,-0.848,0.529,0
0.033,-0.848,0.529,0
0.033,-0.848,0.529,0
0.033,-0.848,0.529,0
0.034,-0.849,0.527,0
0.034,-0.849,0.526,0
0.034,-0.849,0.527,0
0.034,-0.85,0.526,0
28.633,12.956,-25.352,0
0.034,-0.851,0.524,0
28.572,12.932,-25.352,0
0.034,-0.851,0.523,0
0.034,-0.851,0.523,0
0.035,-0.851,0.524,0
0.035,-0.851,0.524,0
0.034,-0.851,0.524,0
0.034,-0.85,0.525,0
28.487,12.981,-25.205,0
0.035,-0.851,0.524,0
0.035,-0.851,0.524,0
0.035,-0.851,0.524,0
0.036,-0.851,0.524,0
0.037,-0.851,0.523,0
0.036,-0.85,0.526,0
0.035,-0.849,0.527,0
0.034,-0.849,0.527,0
0.034,-0.849,0.528,0
0.035,-0.848,0.529,0
0.035,-0.848,0.529,0
0.035,-0.847,0.53,0
0.034,-0.847,0.53,0
0.034,-0.847,0.53,0
0.033,-0.846,0.533,0
0.033,-0.845,0.533,0
0.033,-0.845,0.533,0
0.033,-0.845,0.533,0
0.034,-0.845,0.533,0
0.034,-0.845,0.534,0
0.035,-0.845,0.533,0
0.035,-0.845,0.533,0
0.035,-0.845,0.533,0
0.035,-0.845,0.533,0
0.035,-0.845,0.533,0
0.035,-0.845,0.533,0
0.034,-0.845,0.533,0
0.034,-0.845,0.533,0
0.034,-0.845,0.533,0
0.034,-0.845,0.534,0
0.034,-0.845,0.534,0
0.034,-0.845,0.534,0
0.034,-0.846,0.532,0
0.033,-0.846,0.532,0
0.033,-0.847,0.53,0
0.033,-0.848,0.529,0
0.033,-0.85,0.526,0
0.033,-0.85,0.526,0
0.033,-0.851,0.525,0
0.033,-0.851,0.524,0
0.033,-0.851,0.524,0
0.033,-0.852,0.523,0
28.609,13.078,-24.839,0
0.033,-0.851,0.524,0
0.032,-0.851,0.524,0
0.032,-0.851,0.524,0
0.032,-0.851,0.524,0
0.033,-0.851,0.524,0
28.56,12.981,-24.79,0
0.033,-0.848,0.529,0
0.032,-0.847,0.53,0
0.032,-0.848,0.53,0
0.032,-0.848,0.529,0
0.032,-0.848,0.529,0
0.032,-0.848,0.529,0
0.032,-0.849,0.528,0
0.033,-0.849,0.527,0
28.731,12.895,-24.754,0
0.033,-0.85,0.526,0
0.033,-0.85,0.526,0
0.034,-0.85,0.525,0
0.035,-0.85,0.525,0
-0.025,-0.007,-0.0,0
0.034,-0.85,0.525,0
0.034,-0.85,0.525,0
0.034,-0.85,0.525,0
0.034,-0.85,0.525,0
0.033,-0.85,0.525,0
0.033,-0.85,0.526,0
0.033,-0.85,0.526,0
0.034,-0.85,0.526,0
0.034,-0.85,0.526,0
0.034,-0.85,0.526,0
0.034,-0.85,0.526,0
0.034,-0.85,0.526,0
28.499,12.81,-24.839,0
0.034,-0.85,0.525,0
0.034,-0.85,0.525,0
0.034,-0.85,0.525,0
0.034,-0.85,0.525,0
0.033,-0.85,0.526,0
0.034,-0.85,0.526,0
28.609,12.798,-24.937,0
0.033,-0.85,0.526,0
0.033,-0.85,0.526,0
0.033,-0.85,0.526,0
0.033,-0.85,0.526,0
0.033,-0.85,0.526,0
0.033,-0.85,0.526,0
0.033,-0.85,0.526,0
0.033,-0.85,0.526,0
28.56,12.834,-24.937,0
0.032,-0.85,0.526,0
0.033,-0.85,0.526,0
0.033,-0.85,0.526,0
28.56,12.956,-24.925,0
0.033,-0.85,0.526,0
0.033,-0.85,0.526,0
0.033,-0.85,0.526,0
0.033,-0.85,0.526,0
0.033,-0.85,0.526,0
28.633,12.969,-24.986,0
0.035,-0.85,0.525,0
0.035,-0.851,0.525,0
0.036,-0.851,0.524,0
0.036,-0.851,0.524,0
0.036,-0.851,0.524,0
0.035,-0.851,0.524,0
0.035,-0.85,0.525,0
0.034,-0.85,0.525,0
0.034,-0.85,0.525,0
0.034,-0.85,0.525,0
0.034,-0.85,0.525,0
0.034,-0.85,0.525,0
0.034,-0.85,0.525,0
0.034,-0.85,0.526,0
0.034,-0.85,0.525,0
0.034,-0.85,0.525,0
0.034,-0.85,0.525,0
0.033,-0.85,0.526,0
28.609,12.932,-25.083,0
0.032,-0.85,0.526,0
0.033,-0.85,0.526,0
0.033,-0.85,0.526,0
0.034,-0.85,0.526,0
0.034,-0.849,0.527,0
0.035,-0.847,0.53,0
0.034,-0.848,0.529,0
0.034,-0.848,0.529,0
0.034,-0.848,0.529,0
0.034,-0.848,0.528,0
0.034,-0.848,0.529,0
0.034,-0.849,0.528,0
0.035,-0.849,0.528,0
0.035,-0.848,0.528,0
0.036,-0.848,0.528,0
-10.089,-0.458,0.613,0
0.034,-0.848,0.528,0
0.034,-0.848,0.529,0
0.034,-0.848,0.529,0
0.034,-0.848,0.529,0
0.035,-0.848,0.528,0
0.035,-0.848,0.529,0
0.034,-0.848,0.529,0
0.033,-0.848,0.529,0
0.032,-0.849,0.527,0
0.033,-0.849,0.527,0
0.033,-0.849,0.527,0
-10.08,-0.439,0.575,0
0.032,-0.849,0.528,0
0.032,-0.849,0.527,0
0.033,-0.849,0.527,0
0.033,-0.849,0.527,0
0.033,-0.849,0.527,0
0.033,-0.849,0.527,0
0.034,-0.849,0.527,0
0.034,-0.849,0.527,0
0.034,-0.85,0.526,0
0.035,-0.85,0.526,0
0.035,-0.85,0.526,0
0.034,-0.85,0.526,0
0.034,-0.849,0.527,0
0.034,-0.849,0.526,0
0.034,-0.849,0.526,0
0.034,-0.849,0.527,0
0.034,-0.849,0.526,0
0.034,-0.849,0.526,0
0.034,-0.849,0.527,0
0.034,-0.849,0.526,0
0.034,-0.849,0.527,0
0.034,-0.849,0.527,0
0.034,-0.849,0.527,0
0.035,-0.849,0.527,0
-0.045,-0.001,0.001,0
0.035,-0.849,0.526,0
0.035,-0.849,0.526,0
0.035,-0.849,0.526,0
0.034,-0.849,0.527,0
0.034,-0.849,0.527,0
0.034,-0.849,0.526,0
0.034,-0.849,0.526,0
0.034,-0.849,0.526,0
0.034,-0.849,0.526,0
0.035,-0.85,0.526,0
0.035,-0.849,0.526,0
0.034,-0.849,0.526,0
0.034,-0.849,0.526,0
0.034,-0.849,0.526,0
-10.095,-0.414,0.473,0
0.034,-0.85,0.526,0
0.034,-0.849,0.526,0
0.035,-0.849,0.526,0
0.035,-0.85,0.526,0
0.035,-0.85,0.526,0
0.035,-0.85,0.526,0
0.034,-0.849,0.526,0
0.034,-0.85,0.526,0
-10.099,-0.463,0.613,0
0.035,-0.849,0.526,0
0.035,-0.849,0.526,0
-10.082,-0.453,0.581,0
0.034,-0.849,0.526,0
0.034,-0.849,0.526,0
0.034,-0.849,0.527,0
0.034,-0.849,0.527,0
0.034,-0.849,0.527,0
0.033,-0.849,0.527,0
-10.084,-0.43,0.443,0
0.033,-0.85,0.525,0
0.032,-0.851,0.525,0
0.033,-0.851,0.524,0
0.033,-0.851,0.524,0
0.033,-0.852,0.523,0
0.033,-0.852,0.523,0
0.033,-0.852,0.523,0
0.032,-0.851,0.524,0
0.032,-0.851,0.524,0
0.032,-0.851,0.524,0
0.032,-0.851,0.524,0
0.032,-0.851,0.524,0
0.032,-0.851,0.524,0
0.032,-0.851,0.524,0
-10.096,-0.47,0.615,0
0.033,-0.851,0.523,0
28.45,13.188,-25.01,0
0.033,-0.851,0.523,0
0.033,-0.851,0.523,0
0.033,-0.851,0.523,0
0.033,-0.851,0.523,0
0.033,-0.852,0.523,0
0.033,-0.852,0.523,0
0.033,-0.852,0.523,0
0.033,-0.851,0.523,0
0.033,-0.851,0.523,0
28.548,13.298,-25.071,0
0.033,-0.851,0.523,0
0.033,-0.852,0.523,0
0.033,-0.852,0.523,0
0.033,-0.852,0.523,0
0.034,-0.852,0.523,0
0.034,-0.852,0.522,0
0.034,-0.852,0.522,0
0.034,-0.852,0.522,0
0.034,-0.852,0.522,0
0.034,-0.852,0.523,0
0.034,-0.852,0.523,0
0.034,-0.852,0.522,0
0.035,-0.852,0.522,0
0.036,-0.852,0.522,0
28.438,13.127,-25.266,0
0.036,-0.852,0.522,0
0.034,-0.852,0.522,0
0.034,-0.852,0.522,0
0.034,-0.852,0.523,0
0.033,-0.852,0.523,0
0.033,-0.852,0.523,0
-10.087,-0.458,0.582,0
0.033,-0.852,0.523,0
0.034,-0.852,0.523,0
-0.017,0.1,0.006,0
0.037,-0.85,0.525,0
0.036,-0.849,0.527,0
0.035,-0.849,0.528,0
0.034,-0.849,0.528,0
0.034,-0.848,0.528,0
-10.097,-0.452,0.557,0
0.034,-0.846,0.533,0
0.034,-0.846,0.532,0
-10.08,-0.441,0.591,0
0.034,-0.845,0.533,0
0.034,-0.845,0.533,0
0.034,-0.845,0.534,0
0.034,-0.845,0.534,0
0.034,-0.844,0.535,0
-0.0,0.004,0.001,0
0.034,-0.845,0.534,0
0.034,-0.845,0.534,0
-10.088,-0.486,0.584,0
0.034,-0.845,0.534,0
0.034,-0.845,0.534,0
0.035,-0.845,0.534,0
0.034,-0.845,0.534,0
0.034,-0.845,0.534,0
0.035,-0.845,0.533,0
0.034,-0.845,0.533,0
0.034,-0.845,0.533,0
0.034,-0.845,0.533,0
0.034,-0.845,0.533,0
0.034,-0.845,0.533,0
0.034,-0.845,0.533,0
0.034,-0.845,0.533,0
0.034,-0.845,0.533,0
-10.092,-0.439,0.585,0
0.034,-0.845,0.533,0
0.034,-0.845,0.533,0
0.035,-0.845,0.533,0
0.035,-0.845,0.533,0
0.035,-0.845,0.533,0
0.035,-0.845,0.533,0
-10.08,-0.433,0.546,0
0.034,-0.845,0.533,0
0.034,-0.845,0.533,0
0.034,-0.845,0.533,0
0.034,-0.845,0.533,0
0.034,-0.845,0.533,0
0.034,-0.845,0.533,0
0.034,-0.845,0.533,0
0.034,-0.845,0.533,0
0.034,-0.845,0.533,0
0.034,-0.845,0.534,0
0.034,-0.845,0.534,0
0.034,-0.845,0.534,0
0.034,-0.845,0.533,0
0.034,-0.845,0.534,0
0.034,-0.845,0.533,0
0.034,-0.845,0.533,0
0.034,-0.845,0.534,0
-10.094,-0.45,0.554,0
0.034,-0.845,0.534,0
0.034,-0.845,0.534,0
0.034,-0.845,0.534,0
0.034,-0.845,0.534,0
0.034,-0.845,0.534,0
0.034,-0.845,0.533,0
0.033,-0.845,0.534,0
0.033,-0.845,0.533,0
0.033,-0.845,0.534,0
0.033,-0.845,0.534,0
0.034,-0.845,0.533,0
0.034,-0.845,0.533,0
0.033,-0.845,0.533,0
0.034,-0.845,0.533,0
0.034,-0.845,0.533,0
0.034,-0.845,0.533,0
0.033,-0.845,0.533,0
-10.096,-0.445,0.567,0
0.033,-0.845,0.533,0
0.034,-0.845,0.533,0
-10.101,-0.458,0.558,0
0.033,-0.845,0.533,0
0.033,-0.845,0.533,0
0.034,-0.845,0.533,0
0.033,-0.845,0.533,0
0.034,-0.845,0.533,0
0.033,-0.845,0.533,0
0.033,-0.845,0.533,0
0.033,-0.845,0.533,0
0.034,-0.845,0.533,0
0.033,-0.845,0.533,0
0.033,-0.845,0.534,0
0.033,-0.845,0.534,0
-10.095,-0.459,0.542,0
0.032,-0.846,0.533,0
0.033,-0.845,0.534,0
0.033,-0.845,0.534,0
0.033,-0.845,0.534,0
0.033,-0.845,0.534,0
0.033,-0.845,0.534,0
0.033,-0.845,0.534,0
0.033,-0.845,0.534,0
0.033,-0.845,0.534,0
0.033,-0.845,0.533,0
0.033,-0.845,0.533,0
0.033,-0.845,0.533,0
0.033,-0.845,0.533,0
0.033,-0.845,0.533,0
0.033,-0.845,0.533,0
0.033,-0.845,0.534,0
0.033,-0.845,0.533,0
0.032,-0.845,0.533,0
0.033,-0.845,0.534,0
0.033,-0.845,0.534,0
0.033,-0.845,0.534,0
0.033,-0.845,0.533,0
0.033,-0.845,0.533,0
0.033,-0.845,0.533,0
0.034,-0.845,0.533,0
0.034,-0.845,0.533,0
0.034,-0.845,0.533,0
0.034,-0.845,0.533,0
0.034,-0.845,0.533,0
28.56,13.225,-25.352,0
0.033,-0.845,0.534,0
0.034,-0.845,0.533,0
0.034,-0.845,0.533,0
-10.085,-0.463,0.576,0
0.034,-0.845,0.533,0
0.035,-0.845,0.533,0
0.034,-0.845,0.533,0
0.034,-0.845,0.533,0
0.034,-0.845,0.533,0
0.034,-0.845,0.533,0
0.034,-0.845,0.533,0
0.035,-0.845,0.533,0
-10.075,-0.453,0.585,0
0.034,-0.845,0.533,0
0.034,-0.845,0.533,0
-10.087,-0.441,0.631,0
0.034,-0.845,0.533,0
0.034,-0.845,0.533,0
0.034,-0.845,0.533,0
0.034,-0.845,0.533,0
0.034,-0.845,0.533,0
-0.015,0.005,0.0,0
0.034,-0.845,0.533,0
0.035,-0.845,0.533,0
0.035,-0.845,0.533,0
0.034,-0.845,0.533,0
0.034,-0.845,0.533,0
0.035,-0.845,0.533,0
0.034,-0.845,0.533,0
0.033,-0.845,0.534,0
-10.099,-0.4,0.364,0
0.034,-0.845,0.533,0
0.034,-0.845,0.533,0
0.034,-0.845,0.533,0
0.034,-0.845,0.534,0
0.035,-0.845,0.533,0
0.035,-0.845,0.533,0
0.035,-0.845,0.533,0
0.035,-0.845,0.533,0
0.035,-0.845,0.533,0
0.035,-0.845,0.533,0
0.035,-0.845,0.533,0
-10.09,-0.473,0.608,0
0.034,-0.845,0.533,0
0.035,-0.845,0.533,0
0.034,-0.845,0.533,0
0.034,-0.845,0.533,0
0.034,-0.845,0.533,0
0.034,-0.845,0.533,0
0.034,-0.845,0.534,0
0.034,-0.845,0.533,0
0.034,-0.845,0.533,0
0.034,-0.845,0.533,0
0.034,-0.845,0.533,0
0.034,-0.845,0.533,0
0.034,-0.845,0.533,0
0.035,-0.845,0.533,0
0.035,-0.845,0.533,0
-10.085,-0.48,0.452,0
0.034,-0.846,0.533,0
0.034,-0.845,0.533,0
0.034,-0.845,0.533,0
0.034,-0.845,0.533,0
0.034,-0.845,0.533,0
0.034,-0.845,0.533,0
0.034,-0.845,0.533,0
0.034,-0.845,0.533,0
-0.0,0.003,-0.0,0
0.034,-0.845,0.533,0
0.034,-0.845,0.533,0
0.034,-0.845,0.533,0
0.034,-0.845,0.533,0
0.034,-0.845,0.533,0
-10.079,-0.443,0.609,0
0.035,-0.845,0.533,0
0.035,-0.846,0.533,0
0.035,-0.846,0.533,0
0.035,-0.846,0.532,0
0.035,-0.846,0.532,0
0.035,-0.846,0.532,0
0.035,-0.846,0.532,0
0.035,-0.846,0.532,0
0.035,-0.846,0.532,0
0.035,-0.846,0.532,0
0.035,-0.846,0.532,0
0.035,-0.846,0.532,0
0.036,-0.846,0.532,0
0.036,-0.846,0.532,0
0.036,-0.846,0.532,0
0.036,-0.846,0.532,0
0.036,-0.846,0.532,0
-10.072,-0.449,0.644,0
0.036,-0.846,0.532,0
0.036,-0.846,0.532,0
0.036,-0.846,0.532,0
0.036,-0.846,0.532,0
0.036,-0.846,0.532,0
0.036,-0.846,0.532,0
0.036,-0.846,0.532,0
0.036,-0.846,0.532,0
0.035,-0.846,0.532,0
-10.09,-0.443,0.609,0
0.035,-0.846,0.532,0
0.035,-0.846,0.532,0
0.035,-0.846,0.532,0
0.035,-0.846,0.532,0
0.035,-0.846,0.532,0
-10.082,-0.471,0.707,0
0.035,-0.846,0.532,0
0.035,-0.846,0.532,0
-10.132,-0.452,0.593,0
0.034,-0.846,0.532,0
0.035,-0.846,0.532,0
0.035,-0.846,0.532,0
0.034,-0.846,0.532,0
0.034,-0.846,0.532,0
0.034,-0.846,0.533,0
0.035,-0.846,0.533,0
0.034,-0.846,0.533,0
-10.094,-0.443,0.608,0
0.034,-0.846,0.532,0
0.034,-0.846,0.532,0
0.035,-0.846,0.532,0
0.035,-0.846,0.533,0
0.035,-0.846,0.532,0
-10.089,-0.445,0.608,0
0.035,-0.846,0.533,0
0.034,-0.845,0.533,0
0.034,-0.845,0.533,0
0.034,-0.845,0.533,0
0.035,-0.845,0.533,0
0.035,-0.845,0.533,0
0.035,-0.845,0.533,0
0.035,-0.846,0.533,0
0.035,-0.846,0.533,0
0.035,-0.846,0.533,0
0.035,-0.845,0.533,0
0.035,-0.845,0.533,0
0.035,-0.845,0.533,0
0.034,-0.845,0.533,0
0.034,-0.845,0.533,0
0.034,-0.845,0.533,0
0.034,-0.845,0.533,0
0.034,-0.845,0.533,0
0.034,-0.845,0.533,0
0.034,-0.845,0.533,0
0.034,-0.845,0.533,0
0.034,-0.845,0.533,0
0.033,-0.845,0.533,0
0.034,-0.845,0.533,0
-10.103,-0.446,0.578,0
0.034,-0.845,0.533,0
0.034,-0.845,0.533,0
-10.095,-0.445,0.581,0
0.034,-0.845,0.533,0
0.034,-0.845,0.533,0
0.034,-0.845,0.533,0
0.034,-0.845,0.533,0
0.034,-0.845,0.533,0
0.034,-0.845,0.533,0
0.034,-0.845,0.533,0
0.034,-0.845,0.533,0
0.034,-0.845,0.533,0
0.034,-0.845,0.533,0
0.034,-0.845,0.533,0
0.035,-0.845,0.533,0
0.035,-0.845,0.533,0
0.035,-0.846,0.533,0
-10.082,-0.453,0.62,0
0.035,-0.846,0.532,0
0.035,-0.846,0.532,0
0.035,-0.846,0.532,0
0.035,-0.846,0.532,0
0.035,-0.846,0.532,0
0.035,-0.846,0.532,0
0.035,-0.846,0.532,0
0.035,-0.846,0.532,0
-10.086,-0.458,0.625,0
0.035,-0.846,0.532,0
0.036,-0.846,0.532,0
0.001,-0.003,-0.001,0
0.036,-0.846,0.532,0
0.035,-0.846,0.532,0
0.034,-0.846,0.533,0
-10.1,-0.431,0.489,0
0.033,-0.845,0.533,0
0.032,-0.847,0.531,0
-10.089,-0.454,0.566,0
0.033,-0.847,0.53,0
0.033,-0.847,0.53,0
0.033,-0.847,0.53,0
0.033,-0.848,0.53,0
0.036,-0.848,0.528,0
-10.108,-0.446,0.664,0
0.036,-0.849,0.527,0
0.036,-0.849,0.527,0
0.035,-0.849,0.527,0
0.034,-0.849,0.528,0
0.034,-0.848,0.528,0
0.034,-0.848,0.528,0
0.034,-0.848,0.528,0
0.034,-0.848,0.528,0
0.034,-0.849,0.528,0
0.035,-0.85,0.525,0
0.036,-0.851,0.524,0
0.036,-0.851,0.524,0
0.035,-0.851,0.524,0
0.035,-0.851,0.524,0
0.027,0.016,0.0,0
0.035,-0.851,0.523,0
0.035,-0.853,0.52,0
-10.081,-0.451,0.671,0
0.035,-0.854,0.519,0
0.035,-0.855,0.518,0
-10.082,-0.446,0.645,0
0.035,-0.855,0.518,0
0.035,-0.855,0.518,0
0.035,-0.855,0.518,0
0.035,-0.855,0.518,0
0.034,-0.855,0.518,0
0.034,-0.855,0.518,0
0.034,-0.855,0.518,0
0.034,-0.855,0.518,0
0.035,-0.855,0.517,0
0.036,-0.854,0.519,0
0.035,-0.853,0.521,0
0.036,-0.852,0.522,0
-10.035,-0.466,0.784,0
0.037,-0.852,0.522,0
0.039,-0.852,0.522,0
0.038,-0.851,0.523,0
0.037,-0.851,0.523,0
0.035,-0.851,0.524,0
0.035,-0.851,0.524,0
0.035,-0.85,0.525,0
0.036,-0.848,0.529,0
-10.088,-0.424,0.618,0
0.035,-0.847,0.529,0
0.035,-0.846,0.531,0
-10.1,-0.431,0.604,0
0.036,-0.846,0.532,0
0.036,-0.847,0.53,0
0.048,0.11,0.0,0
0.039,-0.849,0.526,0
0.04,-0.849,0.526,0
0.04,-0.849,0.526,0
0.04,-0.849,0.526,0
0.039,-0.849,0.526,0
-10.081,-0.437,0.741,0
0.039,-0.85,0.525,0
0.039,-0.85,0.525,0
0.038,-0.85,0.525,0
0.037,-0.851,0.523,0
0.036,-0.851,0.523,0
0.036,-0.851,0.523,0
0.036,-0.852,0.522,0
0.036,-0.852,0.522,0
0.036,-0.853,0.521,0
0.036,-0.853,0.521,0
0.036,-0.853,0.52,0
28.243,13.432,-25.315,0
0.035,-0.853,0.52,0
0.035,-0.853,0.52,0
0.034,-0.853,0.521,0
0.035,-0.853,0.521,0
0.034,-0.853,0.521,0
0.034,-0.853,0.521,0
0.034,-0.853,0.521,0
0.034,-0.853,0.521,0
0.034,-0.853,0.521,0
0.034,-0.852,0.522,0
0.033,-0.852,0.522,0
0.033,-0.852,0.522,0
0.032,-0.852,0.522,0
0.032,-0.852,0.522,0
0.032,-0.852,0.522,0
0.032,-0.852,0.522,0
0.032,-0.852,0.522,0
0.032,-0.853,0.522,0
-10.095,-0.436,0.518,0
0.032,-0.852,0.522,0
0.032,-0.852,0.522,0
0.032,-0.852,0.522,0
0.032,-0.852,0.522,0
0.032,-0.853,0.522,0
0.033,-0.853,0.521,0
0.033,-0.853,0.521,0
0.033,-0.853,0.521,0
0.033,-0.853,0.522,0
0.033,-0.853,0.522,0
0.032,-0.853,0.522,0
0.032,-0.853,0.521,0
0.032,-0.852,0.522,0
0.032,-0.853,0.522,0
0.032,-0.853,0.522,0
0.032,-0.853,0.522,0
0.032,-0.853,0.521,0
0.032,-0.853,0.521,0
0.032,-0.851,0.524,0
0.032,-0.85,0.526,0
0.032,-0.849,0.527,0
0.031,-0.849,0.527,0
0.031,-0.849,0.527,0
-10.088,-0.45,0.583,0
0.031,-0.849,0.528,0
0.032,-0.851,0.524,0
0.031,-0.852,0.522,0
0.032,-0.853,0.52,0
0.032,-0.854,0.519,0
-10.073,-0.457,0.571,0
0.033,-0.854,0.519,0
0.033,-0.854,0.519,0
0.033,-0.854,0.519,0
0.033,-0.854,0.519,0
0.033,-0.854,0.519,0
0.033,-0.854,0.519,0
0.033,-0.854,0.519,0
0.033,-0.854,0.519,0
0.033,-0.854,0.519,0
0.033,-0.854,0.519,0
0.032,-0.854,0.519,0
0.033,-0.854,0.519,0
0.033,-0.854,0.519,0
0.033,-0.854,0.519,0
0.033,-0.854,0.519,0
0.032,-0.854,0.519,0
0.032,-0.854,0.519,0
0.033,-0.854,0.519,0
0.033,-0.854,0.519,0
0.033,-0.854,0.519,0
0.033,-0.854,0.519,0
-10.054,-0.558,0.592,0
0.033,-0.856,0.516,0
0.033,-0.856,0.515,0
-10.103,-0.443,0.56,0
0.033,-0.856,0.515,0
0.033,-0.856,0.516,0
0.033,-0.856,0.515,0
0.033,-0.856,0.516,0
0.032,-0.855,0.517,0
0.017,-0.011,-0.002,0
0.032,-0.855,0.517,0
0.033,-0.855,0.517,0
-10.107,-0.441,0.535,0
0.032,-0.855,0.517,0
0.032,-0.855,0.517,0
0.032,-0.855,0.517,0
0.032,-0.855,0.517,0
0.032,-0.855,0.517,0
0.032,-0.855,0.517,0
0.032,-0.855,0.517,0
0.032,-0.855,0.517,0
-10.094,-0.465,0.522,0
0.032,-0.855,0.517,0
0.032,-0.855,0.517,0
0.033,-0.855,0.517,0
0.033,-0.855,0.517,0
9.669,-0.292,0.402,1
-29.158,1.013,10.382,1
0.7,-0.025,0.004,1
-29.195,1.293,10.443,1
0.699,-0.025,0.004,1
0.698,-0.025,0.004,1
0.696,-0.025,0.004,1
0.693,-0.025,0.004,1
0.691,-0.025,0.004,1
0.688,-0.025,0.004,1
0.687,-0.025,0.004,1
0.687,-0.025,0.004,1
-28.67,1.549,10.468,1
0.686,-0.025,0.004,1
0.686,-0.025,0.004,1
0.687,-0.025,0.004,1
0.687,-0.025,0.004,1
0.687,-0.025,0.004,1
0.687,-0.025,0.004,1
9.681,-0.285,0.394,1
0.687,-0.025,0.004,1
0.687,-0.025,0.004,1
0.687,-0.025,0.004,1
0.687,-0.025,0.004,1
0.686,-0.024,0.003,1
9.676,-0.269,0.367,1
0.686,-0.024,0.003,1
0.686,-0.025,0.003,1
0.686,-0.025,0.004,1
0.687,-0.025,0.004,1
0.687,-0.026,0.004,1
0.687,-0.026,0.004,1
0.687,-0.026,0.004,1
0.687,-0.026,0.004,1
0.688,-0.027,0.004,1
0.688,-0.027,0.005,1
0.689,-0.028,0.005,1
0.689,-0.029,0.005,1
0.69,-0.03,0.006,1
0.689,-0.029,0.006,1
0.689,-0.03,0.006,1
0.69,-0.03,0.006,1
0.689,-0.029,0.006,1
0.0,0.015,0.006,1
0.69,-0.03,0.006,1
0.689,-0.027,0.004,1
9.678,-0.353,0.454,1
0.681,-0.028,0.005,1
0.678,-0.027,0.004,1
0.674,-0.027,0.004,1
0.668,-0.026,0.005,1
0.664,-0.024,0.004,1
0.667,-0.024,0.002,1
0.665,-0.026,0.003,1
0.658,-0.024,0.002,1
-0.001,0.025,0.007,1
0.653,-0.024,0.002,1
0.65,-0.024,0.002,1
0.637,-0.025,0.002,1
0.63,-0.025,-0.001,1
0.623,-0.026,-0.002,1
0.622,-0.027,-0.002,1
9.682,-0.203,0.442,1
0.619,-0.027,-0.0,1
0.616,-0.026,0.0,1
0.615,-0.025,0.0,1
0.615,-0.025,0.0,1
0.612,-0.026,0.0,1
0.612,-0.028,0.001,1
0.612,-0.031,0.002,1
0.613,-0.027,0.002,1
9.67,-0.388,0.39,1
0.616,-0.027,0.002,1
0.618,-0.028,0.001,1
0.618,-0.028,0.001,1
0.618,-0.028,0.001,1
0.62,-0.028,0.002,1
0.621,-0.028,0.002,1
0.625,-0.027,0.001,1
0.626,-0.028,0.001,1
9.683,-0.31,0.449,1
0.625,-0.028,0.002,1
0.624,-0.029,0.002,1
0.624,-0.029,0.002,1
0.622,-0.029,0.002,1
0.62,-0.029,0.002,1
0.62,-0.029,0.002,1
0.62,-0.027,0.002,1
0.619,-0.027,0.002,1
9.678,-0.289,0.419,1
0.618,-0.025,0.001,1
0.619,-0.025,0.001,1
0.619,-0.024,0.001,1
0.619,-0.024,0.001,1
0.619,-0.024,0.001,1
0.619,-0.025,0.001,1
0.619,-0.024,0.001,1
0.619,-0.024,0.001,1
0.619,-0.024,0.001,1
0.618,-0.024,0.001,1
0.619,-0.025,0.001,1
0.619,-0.025,0.001,1
0.619,-0.025,0.001,1
0.619,-0.025,0.001,1
0.619,-0.025,0.001,1
0.619,-0.024,0.001,1
0.619,-0.024,0.001,1
0.619,-0.025,0.001,1
0.62,-0.025,0.0,1
0.62,-0.025,0.001,1
0.62,-0.026,0.001,1
0.62,-0.026,0.001,1
0.62,-0.026,0.001,1
0.62,-0.026,0.001,1
9.68,-0.301,0.419,1
0.621,-0.027,0.002,1
0.621,-0.027,0.001,1
0.626,-0.028,0.0,1
0.631,-0.028,-0.001,1
0.629,-0.028,0.0,1
0.628,-0.028,0.0,1
0.627,-0.028,0.001,1
0.626,-0.029,0.001,1
-29.756,5.087,17.458,1
0.626,-0.028,0.001,1
0.627,-0.028,0.002,1
0.627,-0.028,0.002,1
0.627,-0.028,0.002,1
0.627,-0.028,0.002,1
0.626,-0.028,0.002,1
0.626,-0.028,0.003,1
0.626,-0.028,0.003,1
0.626,-0.027,0.003,1
0.625,-0.027,0.003,1
0.626,-0.027,0.003,1
0.626,-0.028,0.003,1
0.626,-0.028,0.003,1
0.626,-0.029,0.004,1
-29.683,5.112,17.495,1
0.626,-0.029,0.003,1
0.627,-0.029,0.003,1
-29.719,5.136,17.385,1
0.626,-0.029,0.003,1
0.626,-0.029,0.003,1
0.626,-0.028,0.003,1
0.626,-0.028,0.003,1
0.626,-0.028,0.003,1
0.626,-0.028,0.003,1
0.626,-0.028,0.003,1
0.626,-0.028,0.003,1
-29.805,5.356,17.263,1
0.626,-0.028,0.003,1
0.627,-0.029,0.003,1
0.627,-0.029,0.003,1
0.627,-0.029,0.003,1
0.627,-0.029,0.003,1
0.627,-0.029,0.004,1
9.678,-0.31,0.491,1
0.627,-0.029,0.003,1
0.627,-0.029,0.003,1
0.627,-0.029,0.003,1
0.627,-0.029,0.003,1
0.627,-0.03,0.004,1
0.627,-0.029,0.003,1
0.627,-0.029,0.003,1
0.626,-0.028,0.003,1
9.691,-0.303,0.46,1
0.624,-0.028,0.003,1
0.623,-0.029,0.003,1
0.622,-0.028,0.003,1
0.622,-0.029,0.003,1
0.621,-0.029,0.003,1
0.621,-0.029,0.003,1
0.619,-0.029,0.003,1
0.615,-0.029,0.003,1
9.687,-0.332,0.192,1
0.613,-0.029,0.002,1
0.615,-0.028,0.001,1
0.615,-0.03,0.002,1
0.615,-0.03,0.002,1
0.615,-0.03,0.002,1
0.615,-0.03,0.002,1
0.615,-0.03,0.002,1
0.612,-0.03,0.002,1
9.687,-0.307,0.49,1
0.611,-0.03,0.002,1
0.612,-0.03,0.002,1
0.611,-0.03,0.003,1
0.611,-0.03,0.003,1
0.611,-0.03,0.003,1
0.611,-0.03,0.002,1
0.611,-0.03,0.002,1
0.612,-0.03,0.003,1
-29.768,5.795,16.958,1
0.612,-0.03,0.003,1
0.612,-0.03,0.002,1
0.612,-0.03,0.002,1
0.612,-0.03,0.002,1
0.612,-0.031,0.002,1
0.612,-0.031,0.003,1
0.612,-0.031,0.002,1
0.615,-0.031,0.002,1
0.616,-0.032,0.002,1
0.616,-0.031,0.002,1
0.617,-0.031,0.002,1
0.617,-0.031,0.002,1
0.617,-0.031,0.003,1
0.614,-0.03,0.002,1
0.614,-0.03,0.002,1
9.693,-0.338,0.527,1
0.613,-0.029,0.002,1
0.613,-0.029,0.002,1
0.613,-0.028,0.002,1
0.614,-0.027,0.001,1
0.616,-0.027,0.001,1
0.617,-0.027,0.001,1
0.617,-0.027,0.001,1
0.616,-0.027,0.002,1
9.679,-0.311,0.458,1
0.616,-0.027,0.002,1
0.617,-0.027,0.002,1
0.617,-0.027,0.001,1
0.617,-0.027,0.001,1
0.617,-0.028,0.002,1
0.617,-0.028,0.002,1
0.617,-0.028,0.001,1
0.617,-0.028,0.002,1
-0.013,-0.039,-0.007,1
0.619,-0.03,0.003,1
0.618,-0.03,0.003,1
0.617,-0.03,0.002,1
0.617,-0.029,0.002,1
0.617,-0.03,0.003,1
0.617,-0.031,0.003,1
0.616,-0.031,0.003,1
0.614,-0.03,0.003,1
0.614,-0.03,0.003,1
0.614,-0.03,0.003,1
0.614,-0.03,0.003,1
0.614,-0.029,0.003,1
0.614,-0.03,0.003,1
0.614,-0.029,0.003,1
0.614,-0.029,0.002,1
0.614,-0.029,0.002,1
0.613,-0.027,0.002,1
0.613,-0.028,0.002,1
0.612,-0.027,0.002,1
0.612,-0.027,0.002,1
0.612,-0.027,0.002,1
0.612,-0.027,0.002,1
0.609,-0.027,0.002,1
0.608,-0.027,0.002,1
-30.024,5.551,17.117,1
0.608,-0.027,0.002,1
0.608,-0.027,0.002,1
0.608,-0.027,0.002,1
0.607,-0.027,0.002,1
0.606,-0.027,0.002,1
0.606,-0.027,0.002,1
0.608,-0.026,0.0,1
0.609,-0.027,0.001,1
-29.707,5.905,17.007,1
0.609,-0.027,0.001,1
0.612,-0.027,0.001,1
0.612,-0.028,0.002,1
0.613,-0.029,0.002,1
0.612,-0.029,0.002,1
0.612,-0.029,0.002,1
0.61,-0.028,0.002,1
0.609,-0.028,0.002,1
-29.792,5.929,16.946,1
0.608,-0.028,0.002,1
0.608,-0.028,0.002,1
0.608,-0.028,0.002,1
0.608,-0.028,0.002,1
0.608,-0.028,0.002,1
0.608,-0.028,0.002,1
0.608,-0.028,0.002,1
0.608,-0.028,0.002,1
-29.768,5.783,17.031,1
0.608,-0.028,0.002,1
0.608,-0.028,0.002,1
0.608,-0.028,0.002,1
0.608,-0.028,0.002,1
0.608,-0.028,0.002,1
0.608,-0.028,0.002,1
0.608,-0.029,0.002,1
0.609,-0.029,0.002,1
0.609,-0.029,0.002,1
0.609,-0.029,0.002,1
0.609,-0.029,0.002,1
0.609,-0.029,0.002,1
0.609,-0.029,0.002,1
0.609,-0.029,0.002,1
0.608,-0.028,0.002,1
9.696,-0.258,0.441,1
0.608,-0.028,0.001,1
0.608,-0.028,0.002,1
0.607,-0.027,0.002,1
0.607,-0.027,0.002,1
0.608,-0.028,0.002,1
0.608,-0.028,0.002,1
0.608,-0.028,0.002,1
0.609,-0.029,0.002,1
9.685,-0.314,0.518,1
0.609,-0.03,0.003,1
0.609,-0.03,0.003,1
0.609,-0.029,0.003,1
0.609,-0.03,0.003,1
0.609,-0.029,0.003,1
0.609,-0.03,0.003,1
0.609,-0.03,0.003,1
0.609,-0.03,0.003,1
0.609,-0.03,0.003,1
0.609,-0.03,0.003,1
0.609,-0.03,0.003,1
0.609,-0.03,0.003,1
0.609,-0.029,0.003,1
0.609,-0.029,0.003,1
0.609,-0.029,0.003,1
0.608,-0.029,0.003,1
0.608,-0.029,0.003,1
9.687,-0.295,0.462,1
0.608,-0.029,0.002,1
0.608,-0.029,0.002,1
0.608,-0.028,0.002,1
0.608,-0.028,0.002,1
0.608,-0.028,0.002,1
0.608,-0.028,0.003,1
0.608,-0.028,0.003,1
0.608,-0.028,0.003,1
-29.817,5.453,17.3,1
0.608,-0.028,0.002,1
0.608,-0.028,0.002,1
0.608,-0.028,0.002,1
0.607,-0.028,0.002,1
0.607,-0.027,0.002,1
0.607,-0.027,0.002,1
9.689,-0.307,0.413,1
0.607,-0.027,0.002,1
0.607,-0.027,0.002,1
0.607,-0.027,0.002,1
0.607,-0.027,0.002,1
0.607,-0.027,0.001,1
9.699,-0.296,0.423,1
0.607,-0.027,0.001,1
0.607,-0.027,0.001,1
9.684,-0.295,0.438,1
0.607,-0.027,0.002,1
0.607,-0.027,0.002,1
0.607,-0.027,0.002,1
0.607,-0.027,0.002,1
0.608,-0.027,0.001,1
9.679,-0.292,0.432,1
0.608,-0.027,0.001,1
0.608,-0.027,0.001,1
9.68,-0.304,0.434,1
0.608,-0.027,0.001,1
0.608,-0.027,0.001,1
0.608,-0.027,0.001,1
0.608,-0.027,0.001,1
0.608,-0.027,0.001,1
9.679,-0.296,0.441,1
0.608,-0.027,0.001,1
0.608,-0.027,0.001,1
0.608,-0.027,0.001,1
0.608,-0.027,0.001,1
0.608,-0.027,0.001,1
0.608,-0.027,0.001,1
0.607,-0.027,0.001,1
0.607,-0.027,0.001,1
0.607,-0.027,0.001,1
0.607,-0.026,0.001,1
0.607,-0.026,0.001,1
9.69,-0.268,0.428,1
0.608,-0.026,-0.0,1
0.608,-0.026,-0.0,1
0.608,-0.026,-0.0,1
0.608,-0.026,0.0,1
0.608,-0.026,0.0,1
0.608,-0.026,0.0,1
0.608,-0.026,0.0,1
0.608,-0.026,0.0,1
0.608,-0.026,-0.0,1
0.608,-0.026,-0.0,1
0.608,-0.026,-0.0,1
0.608,-0.026,0.0,1
0.608,-0.026,0.0,1
0.608,-0.026,0.0,1
0.608,-0.026,0.0,1
-29.597,5.551,17.69,1
0.608,-0.026,0.0,1
0.608,-0.026,0.0,1
0.608,-0.026,0.0,1
0.608,-0.026,0.0,1
0.608,-0.026,0.0,1
0.608,-0.027,0.0,1
0.608,-0.027,0.001,1
0.608,-0.027,0.001,1
-29.695,5.514,17.556,1
0.608,-0.027,0.001,1
0.608,-0.027,0.001,1
-29.658,5.551,17.617,1
0.608,-0.027,0.001,1
0.608,-0.028,0.002,1
0.608,-0.028,0.002,1
0.608,-0.028,0.002,1
0.608,-0.028,0.002,1
-29.683,5.527,17.568,1
0.608,-0.028,0.002,1
0.608,-0.028,0.002,1
0.608,-0.028,0.001,1
0.608,-0.028,0.001,1
0.608,-0.028,0.001,1
0.608,-0.028,0.001,1
0.609,-0.028,0.001,1
0.609,-0.028,0.001,1
-29.731,5.502,17.519,1
0.609,-0.029,0.002,1
0.609,-0.029,0.002,1
-29.707,5.478,17.544,1
0.609,-0.029,0.002,1
0.609,-0.029,0.002,1
0.609,-0.03,0.003,1
9.669,-0.317,0.495,1
0.609,-0.03,0.003,1
0.609,-0.03,0.003,1
0.609,-0.03,0.002,1
0.609,-0.03,0.002,1
0.609,-0.03,0.002,1
0.609,-0.03,0.002,1
0.609,-0.029,0.002,1
0.609,-0.029,0.002,1
0.609,-0.029,0.002,1
0.609,-0.028,0.001,1
0.609,-0.028,0.001,1
0.609,-0.028,0.001,1
0.609,-0.029,0.001,1
0.609,-0.029,0.002,1
0.609,-0.03,0.002,1
0.61,-0.03,0.003,1
0.61,-0.03,0.003,1
9.677,-0.326,0.488,1
0.61,-0.03,0.003,1
0.61,-0.03,0.002,1
0.61,-0.03,0.003,1
0.61,-0.031,0.003,1
0.61,-0.03,0.003,1
0.61,-0.03,0.002,1
0.61,-0.03,0.002,1
0.61,-0.03,0.002,1
0.61,-0.03,0.002,1
0.61,-0.03,0.002,1
0.61,-0.03,0.002,1
0.61,-0.03,0.002,1
0.61,-0.03,0.002,1
0.61,-0.031,0.003,1
0.61,-0.031,0.003,1
0.61,-0.03,0.003,1
0.609,-0.03,0.002,1
9.681,-0.309,0.486,1
0.61,-0.03,0.002,1
0.61,-0.03,0.002,1
0.61,-0.03,0.002,1
0.61,-0.03,0.002,1
0.61,-0.03,0.002,1
0.61,-0.03,0.002,1
0.61,-0.03,0.002,1
0.61,-0.03,0.002,1
0.61,-0.03,0.002,1
0.609,-0.03,0.002,1
0.609,-0.03,0.002,1
0.609,-0.03,0.002,1
0.609,-0.03,0.002,1
0.609,-0.03,0.002,1
0.609,-0.03,0.002,1
0.0,0.004,0.001,1
0.609,-0.03,0.002,1
0.609,-0.03,0.002,1
0.609,-0.029,0.002,1
0.609,-0.029,0.002,1
0.609,-0.029,0.002,1
0.609,-0.029,0.001,1
0.609,-0.029,0.002,1
0.609,-0.03,0.002,1
-0.001,-0.013,-0.002,1
0.609,-0.03,0.003,1
0.609,-0.03,0.003,1
0.61,-0.03,0.002,1
0.609,-0.03,0.002,1
0.61,-0.03,0.002,1
0.609,-0.03,0.002,1
0.609,-0.03,0.002,1
0.609,-0.029,0.002,1
0.0,-0.004,0.001,1
0.609,-0.029,0.002,1
0.609,-0.03,0.002,1
0.609,-0.029,0.002,1
0.609,-0.029,0.002,1
0.609,-0.029,0.002,1
0.609,-0.029,0.002,1
0.609,-0.029,0.002,1
0.609,-0.029,0.002,1
0.0,-0.001,0.001,1
0.609,-0.029,0.002,1
0.609,-0.029,0.002,1
0.609,-0.029,0.002,1
0.609,-0.029,0.002,1
0.609,-0.029,0.002,1
0.609,-0.029,0.002,1
0.609,-0.029,0.002,1
0.609,-0.029,0.002,1
9.672,-0.309,0.464,1
0.609,-0.029,0.002,1
0.609,-0.029,0.002,1
0.609,-0.029,0.002,1
0.609,-0.029,0.002,1
0.609,-0.029,0.002,1
0.609,-0.029,0.002,1
0.609,-0.029,0.002,1
0.609,-0.029,0.002,1
0.609,-0.029,0.002,1
0.609,-0.029,0.002,1
0.609,-0.029,0.002,1
0.609,-0.029,0.002,1
0.609,-0.029,0.002,1
0.609,-0.029,0.002,1
0.609,-0.028,0.001,1
-29.768,5.795,16.921,1
0.609,-0.028,0.001,1
0.609,-0.028,0.001,1
0.609,-0.028,0.001,1
0.609,-0.028,0.002,1
0.608,-0.028,0.002,1
0.609,-0.029,0.002,1
0.609,-0.029,0.002,1
0.609,-0.029,0.002,1
-29.744,5.685,17.104,1
0.609,-0.029,0.002,1
0.608,-0.029,0.002,1
0.608,-0.029,0.002,1
0.608,-0.028,0.002,1
0.608,-0.028,0.002,1
0.608,-0.028,0.002,1
0.609,-0.029,0.002,1
0.609,-0.029,0.002,1
-29.756,5.734,17.129,1
0.609,-0.029,0.002,1
0.609,-0.029,0.002,1
0.609,-0.029,0.002,1
0.609,-0.029,0.002,1
0.609,-0.029,0.002,1
0.609,-0.029,0.002,1
0.609,-0.029,0.002,1
0.609,-0.029,0.002,1
-29.792,5.771,17.068,1
0.609,-0.029,0.002,1
0.609,-0.029,0.002,1
0.609,-0.029,0.002,1
0.609,-0.029,0.002,1
0.609,-0.029,0.002,1
0.609,-0.029,0.002,1
9.685,-0.317,0.483,1
0.609,-0.029,0.002,1
0.609,-0.029,0.002,1
0.609,-0.029,0.002,1
0.609,-0.029,0.002,1
0.609,-0.029,0.002,1
0.609,-0.029,0.002,1
0.609,-0.029,0.002,1
0.609,-0.029,0.001,1
0.0,-0.002,-0.001,1
0.609,-0.029,0.002,1
0.609,-0.029,0.002,1
0.609,-0.029,0.002,1
0.609,-0.029,0.002,1
0.609,-0.029,0.002,1
-0.0,0.003,0.001,1
0.609,-0.029,0.002,1
0.609,-0.029,0.002,1
-0.001,0.001,0.001,1
0.609,-0.029,0.002,1
0.609,-0.029,0.002,1
0.609,-0.029,0.002,1
0.609,-0.029,0.002,1
0.609,-0.029,0.002,1
0.609,-0.029,0.002,1
0.609,-0.029,0.002,1
0.609,-0.029,0.002,1
0.001,0.002,0.001,1
0.608,-0.029,0.002,1
0.608,-0.029,0.002,1
0.608,-0.029,0.002,1
0.609,-0.029,0.002,1
0.609,-0.029,0.002,1
0.609,-0.028,0.002,1
0.609,-0.029,0.002,1
0.609,-0.029,0.002,1
-29.792,5.588,17.275,1
0.609,-0.029,0.002,1
0.609,-0.029,0.002,1
0.609,-0.029,0.002,1
0.609,-0.03,0.002,1
0.609,-0.03,0.002,1
0.609,-0.03,0.003,1
0.61,-0.03,0.003,1
0.61,-0.031,0.003,1
0.61,-0.031,0.003,1
0.61,-0.031,0.003,1
0.61,-0.03,0.003,1
0.61,-0.03,0.003,1
0.609,-0.03,0.003,1
0.609,-0.03,0.003,1
0.609,-0.03,0.003,1
9.69,-0.295,0.52,1
0.609,-0.03,0.002,1
0.609,-0.03,0.003,1
0.609,-0.03,0.003,1
0.609,-0.03,0.003,1
0.609,-0.029,0.002,1
0.609,-0.03,0.003,1
0.609,-0.03,0.003,1
0.609,-0.03,0.003,1
-0.001,0.0,0.0,1
0.609,-0.03,0.002,1
0.609,-0.03,0.002,1
0.609,-0.03,0.002,1
0.609,-0.03,0.002,1
0.609,-0.03,0.002,1
0.609,-0.03,0.003,1
0.609,-0.03,0.003,1
0.609,-0.03,0.002,1
9.693,-0.308,0.482,1
0.61,-0.03,0.002,1
0.609,-0.03,0.002,1
0.61,-0.03,0.002,1
0.61,-0.03,0.002,1
0.61,-0.03,0.002,1
0.61,-0.03,0.002,1
0.61,-0.03,0.002,1
0.61,-0.03,0.002,1
9.691,-0.331,0.48,1
0.61,-0.03,0.002,1
0.61,-0.03,0.002,1
0.61,-0.03,0.002,1
0.61,-0.03,0.002,1
0.61,-0.03,0.002,1
0.61,-0.03,0.002,1
0.61,-0.03,0.002,1
0.61,-0.031,0.002,1
0.61,-0.031,0.003,1
0.61,-0.03,0.002,1
0.61,-0.031,0.002,1
0.61,-0.03,0.002,1
9.685,-0.339,0.45,1
0.61,-0.03,0.002,1
0.61,-0.03,0.003,1
-0.009,-0.01,0.003,1
0.609,-0.03,0.003,1
0.609,-0.03,0.003,1
0.609,-0.03,0.003,1
0.609,-0.029,0.003,1
0.608,-0.029,0.003,1
0.608,-0.029,0.003,1
0.609,-0.029,0.003,1
0.607,-0.029,0.003,1
-29.768,5.856,17.104,1
0.607,-0.029,0.003,1
0.607,-0.029,0.003,1
0.607,-0.029,0.002,1
0.607,-0.029,0.002,1
0.609,-0.028,0.002,1
-29.817,5.917,17.019,1
0.608,-0.028,0.002,1
0.608,-0.028,0.002,1
-29.792,5.905,16.995,1
0.608,-0.028,0.002,1
0.607,-0.028,0.002,1
0.607,-0.028,0.002,1
0.607,-0.028,0.002,1
0.607,-0.028,0.002,1
0.607,-0.027,0.002,1
0.607,-0.027,0.002,1
0.607,-0.027,0.002,1
-29.805,5.844,16.982,1
0.607,-0.027,0.002,1
0.607,-0.027,0.001,1
0.607,-0.027,0.001,1
0.607,-0.027,0.001,1
0.607,-0.026,0.001,1
-29.707,5.917,17.043,1
0.607,-0.027,0.002,1
0.607,-0.028,0.002,1
-29.646,5.978,17.019,1
0.607,-0.028,0.002,1
0.607,-0.028,0.002,1
0.607,-0.027,0.002,1
0.606,-0.027,0.002,1
0.607,-0.027,0.002,1
0.606,-0.026,0.001,1
9.691,-0.294,0.408,1
0.606,-0.026,0.001,1
0.606,-0.026,0.001,1
0.606,-0.025,0.001,1
0.606,-0.025,0.001,1
0.606,-0.027,0.002,1
0.606,-0.027,0.002,1
0.606,-0.027,0.002,1
0.606,-0.027,0.002,1
-0.043,0.003,-0.001,1
0.606,-0.026,0.001,1
0.606,-0.026,0.001,1
0.606,-0.026,0.001,1
0.606,-0.026,0.001,1
0.606,-0.026,0.001,1
0.606,-0.026,0.001,1
0.606,-0.026,0.001,1
0.606,-0.024,-0.001,1
9.678,-0.314,0.362,1
0.606,-0.024,-0.002,1
0.606,-0.024,-0.002,1
0.607,-0.024,-0.002,1
0.606,-0.025,-0.001,1
0.607,-0.024,-0.002,1
0.607,-0.025,-0.002,1
0.606,-0.025,-0.001,1
0.606,-0.025,-0.0,1
-29.744,6.222,16.909,1
0.606,-0.025,-0.0,1
0.606,-0.025,-0.0,1
0.606,-0.025,-0.0,1
0.606,-0.025,-0.0,1
0.606,-0.025,0.001,1
0.606,-0.026,0.001,1
0.606,-0.026,0.0,1
0.606,-0.026,0.001,1
-29.695,6.246,16.787,1
0.606,-0.026,0.001,1
0.607,-0.026,0.0,1
0.607,-0.026,0.0,1
0.607,-0.026,0.0,1
0.607,-0.026,0.001,1
0.607,-0.026,0.0,1
9.685,-0.312,0.414,1
0.607,-0.026,0.0,1
0.607,-0.026,0.0,1
0.607,-0.027,0.0,1
0.607,-0.027,0.0,1
0.608,-0.027,0.0,1
0.609,-0.028,-0.0,1
0.609,-0.028,0.0,1
0.608,-0.028,0.001,1
9.673,-0.303,0.423,1
0.608,-0.028,0.001,1
0.608,-0.027,0.001,1
0.608,-0.027,0.001,1
0.607,-0.027,0.001,1
0.607,-0.027,0.001,1
0.607,-0.027,0.001,1
0.607,-0.027,0.001,1
0.607,-0.027,0.001,1
9.687,-0.303,0.429,1
0.607,-0.027,0.001,1
0.607,-0.027,0.001,1
0.607,-0.027,0.001,1
0.607,-0.027,0.001,1
0.607,-0.027,0.001,1
0.607,-0.027,0.001,1
0.607,-0.027,0.001,1
0.607,-0.027,0.001,1
9.688,-0.293,0.422,1
0.607,-0.027,0.001,1
0.607,-0.027,0.001,1
0.607,-0.027,0.001,1
0.607,-0.027,0.001,1
0.607,-0.027,0.001,1
9.694,-0.305,0.417,1
0.607,-0.027,0.001,1
0.607,-0.026,0.001,1
9.686,-0.301,0.448,1
0.607,-0.027,0.001,1
0.607,-0.027,0.001,1
0.607,-0.027,0.001,1
0.607,-0.027,0.001,1
0.607,-0.027,0.001,1
9.696,-0.311,0.421,1
0.607,-0.027,0.001,1
0.607,-0.028,0.002,1
0.607,-0.028,0.002,1
0.607,-0.028,0.002,1
0.607,-0.028,0.002,1
0.607,-0.028,0.002,1
0.607,-0.028,0.002,1
0.607,-0.028,0.001,1
0.606,-0.027,0.002,1
-29.829,6.185,16.86,1
0.607,-0.027,0.001,1
0.607,-0.028,0.002,1
0.607,-0.028,0.002,1
0.607,-0.028,0.002,1
0.607,-0.028,0.002,1
0.607,-0.028,0.002,1
0.607,-0.028,0.002,1
0.608,-0.028,0.002,1
-29.829,6.185,16.714,1
0.608,-0.029,0.002,1
0.608,-0.029,0.002,1
0.608,-0.028,0.002,1
0.608,-0.028,0.002,1
0.608,-0.028,0.002,1
0.608,-0.028,0.002,1
0.608,-0.028,0.002,1
0.608,-0.028,0.002,1
0.608,-0.028,0.002,1
0.608,-0.028,0.002,1
0.608,-0.028,0.002,1
0.605,-0.028,0.002,1
0.605,-0.027,0.001,1
0.605,-0.028,0.002,1
0.605,-0.028,0.002,1
0.604,-0.028,0.002,1
0.601,-0.028,0.001,1
-29.744,6.515,16.507,1
0.596,-0.028,0.001,1
0.595,-0.028,0.001,1
0.595,-0.028,0.001,1
0.594,-0.028,0.001,1
0.595,-0.028,0.001,1
0.594,-0.028,0.001,1
0.594,-0.028,0.001,1
0.594,-0.028,0.001,1
0.594,-0.027,-0.0,1
0.594,-0.028,0.0,1
0.594,-0.028,0.001,1
0.595,-0.028,0.001,1
9.677,-0.31,0.459,1
0.595,-0.028,0.001,1
0.594,-0.028,0.001,1
9.688,-0.31,0.46,1
0.594,-0.028,0.001,1
0.594,-0.028,0.001,1
0.594,-0.028,0.001,1
0.594,-0.028,0.001,1
0.595,-0.028,0.001,1
0.595,-0.028,0.001,1
0.594,-0.028,0.001,1
0.594,-0.028,0.001,1
9.687,-0.312,0.451,1
0.594,-0.028,0.001,1
0.594,-0.028,0.001,1
0.594,-0.028,0.001,1
0.594,-0.028,0.001,1
0.594,-0.028,0.001,1
9.694,-0.311,0.461,1
0.594,-0.028,0.001,1
0.594,-0.028,0.001,1
9.669,-0.304,0.445,1
0.594,-0.028,0.001,1
0.594,-0.028,0.001,1
0.594,-0.028,0.001,1
0.594,-0.028,0.001,1
0.594,-0.028,0.002,1
0.594,-0.028,0.002,1
0.594,-0.028,0.002,1
0.594,-0.028,0.002,1
9.674,-0.309,0.448,1
0.594,-0.028,0.001,1
0.594,-0.028,0.001,1
0.594,-0.027,0.001,1
0.593,-0.027,0.001,1
0.593,-0.027,0.0,1
0.593,-0.027,0.0,1
0.594,-0.027,0.001,1
0.592,-0.028,0.001,1
-29.731,6.405,16.543,1
0.592,-0.027,0.0,1
0.592,-0.027,0.0,1
0.592,-0.027,0.0,1
0.593,-0.027,0.0,1
0.593,-0.026,-0.0,1
0.594,-0.026,0.0,1
9.677,-0.299,0.421,1
0.594,-0.026,0.0,1
0.594,-0.027,0.0,1
0.594,-0.026,0.0,1
0.594,-0.026,0.0,1
0.594,-0.026,0.0,1
0.594,-0.027,0.001,1
0.594,-0.027,0.001,1
0.594,-0.026,0.0,1
0.594,-0.026,-0.0,1
0.594,-0.025,-0.001,1
0.594,-0.025,-0.001,1
0.594,-0.025,-0.001,1
0.594,-0.025,-0.001,1
0.594,-0.025,-0.001,1
0.594,-0.025,-0.0,1
0.594,-0.026,-0.0,1
0.593,-0.025,-0.0,1
9.681,-0.295,0.382,1
0.594,-0.025,-0.001,1
0.593,-0.025,-0.001,1
0.594,-0.025,-0.0,1
0.594,-0.026,-0.0,1
0.594,-0.026,-0.0,1
0.594,-0.026,-0.0,1
0.594,-0.026,-0.0,1
0.594,-0.025,-0.001,1
9.69,-0.293,0.387,1
0.594,-0.025,-0.001,1
0.594,-0.025,-0.001,1
0.594,-0.025,-0.001,1
0.594,-0.025,-0.001,1
0.594,-0.025,-0.001,1
0.594,-0.026,-0.0,1
0.594,-0.026,-0.0,1
0.594,-0.026,-0.0,1
9.666,-0.297,0.398,1
0.594,-0.026,-0.0,1
0.594,-0.026,-0.0,1
0.594,-0.026,-0.0,1
0.594,-0.026,-0.0,1
0.594,-0.026,-0.0,1
0.594,-0.026,0.0,1
9.688,-0.301,0.424,1
0.594,-0.027,0.0,1
0.594,-0.027,0.0,1
0.594,-0.027,0.0,1
0.594,-0.027,0.0,1
0.594,-0.027,0.001,1
0.594,-0.027,0.001,1
0.594,-0.027,0.0,1
0.594,-0.027,0.0,1
-0.001,-0.002,-0.002,1
0.595,-0.027,0.0,1
0.594,-0.027,0.0,1
9.677,-0.313,0.416,1
0.594,-0.027,0.001,1
0.594,-0.027,0.001,1
0.594,-0.027,0.0,1
0.594,-0.027,0.0,1
0.594,-0.027,0.001,1
-29.78,6.124,16.958,1
0.594,-0.027,0.001,1
0.594,-0.027,0.001,1
-29.78,6.149,16.934,1
0.594,-0.027,0.001,1
0.594,-0.027,0.001,1
0.594,-0.027,0.001,1
0.594,-0.027,0.001,1
0.592,-0.028,0.002,1
-29.707,6.173,16.738,1
0.593,-0.028,0.001,1
0.594,-0.028,0.001,1
-29.719,6.222,16.799,1
0.594,-0.027,0.001,1
0.594,-0.026,-0.0,1
0.595,-0.025,-0.001,1
0.599,-0.025,-0.002,1
0.599,-0.025,-0.002,1
-29.658,6.21,16.982,1
0.601,-0.026,-0.0,1
0.601,-0.027,0.0,1
0.601,-0.028,0.001,1
0.602,-0.027,0.001,1
0.602,-0.027,0.0,1
0.602,-0.027,0.0,1
0.602,-0.027,0.001,1
0.603,-0.028,0.001,1
0.603,-0.027,0.001,1
0.603,-0.027,0.001,1
0.603,-0.027,0.001,1
0.603,-0.027,0.001,1
0.602,-0.026,0.001,1
0.602,-0.026,0.001,1
0.602,-0.026,0.001,1
9.691,-0.289,0.41,1
0.602,-0.026,0.001,1
0.602,-0.026,0.001,1
0.602,-0.026,0.001,1
0.602,-0.026,0.001,1
0.602,-0.026,0.001,1
0.602,-0.026,0.001,1
0.602,-0.026,0.001,1
0.602,-0.026,0.001,1
-0.0,0.001,-0.0,1
0.602,-0.026,0.001,1
0.602,-0.026,0.001,1
0.602,-0.026,0.001,1
0.602,-0.026,0.001,1
0.602,-0.026,0.001,1
0.602,-0.026,0.001,1
0.602,-0.026,0.001,1
0.602,-0.026,0.001,1
9.685,-0.292,0.4,1
0.602,-0.026,0.001,1
0.602,-0.026,0.001,1
0.602,-0.026,0.001,1
0.602,-0.026,0.001,1
0.602,-0.027,0.002,1
